{
	"format_version": "1.8.0",
	"animations": {
		"animation.trachelium.fire": {
			"animation_length": 0.91667,
			"bones": {
				"main": {
					"rotation": {
						"0.0": {
							"vector": [0, 0, 0]
						},
						"0.0417": {
							"vector": [-47.47503, 1.22956, -6.95605]
						},
						"0.1667": {
							"vector": [-10.88, 0, 0]
						},
						"0.25": {
							"vector": [-0.2868, 0.18436, 1.99149]
						},
						"0.375": {
							"vector": [2.85854, 0.12956, 1.99505]
						},
						"0.5": {
							"vector": [1, 0, 0]
						},
						"0.625": {
							"vector": [-1.92, 0, -0.25]
						},
						"0.7917": {
							"vector": [0, 0, 0]
						}
					},
					"position": {
						"0.0": {
							"vector": [0, 0, 0]
						},
						"0.0417": {
							"vector": [-1.5, 9.86, 9.01],
							"easing": "linear"
						},
						"0.1667": {
							"vector": [-0.5, 3.58, 7.04]
						},
						"0.25": {
							"vector": [0, 1.76, 3.79]
						},
						"0.375": {
							"vector": [-0.2, 0.33, 0.68]
						},
						"0.5": {
							"vector": [0.2, 0.1, 0]
						},
						"0.625": {
							"vector": [0, 0.32, -0.2]
						},
						"0.7917": {
							"vector": [0, 0, 0]
						}
					}
				}
			}
		}
	},
	"geckolib_format_version": 2
}